{
  "title": "Report Fueling",
  "visibility": "All",
  "expiry": 4070908800000,
  "isAnonymous": false,
  "isResponseAppended": true,
  "isLocationRequested": false,
  "questions": [
    {
      "title": "VehicleReg",
      "type": "Text"
    },
    {
      "title": "FuelStation",
      "type": "SingleSelect",
      "options": [{
          "title": "Total"
        },
        {
          "title": "Shell"
        },        
        {
          "title": "NationalOil"
        }
      ]
    },
    {
      "title": "Litres",
      "type": "Numeric"
    },
    {
      "title": "Cost",
      "type": "Numeric"
    },
    {
      "title": "Comments",
      "type": "Text"
    },
    {
      "title": "Name",
      "type": "Text"
    },
    {
      "title": "Phone No",
      "type": "Text"
    },
    {
      "title": "Location",
      "type": "Location"
    },
    {
      "title": "Response Time",
      "type": "DateTime"
    }
  ]
}