{
  "title": "Report Service",
  "visibility": "All",
  "expiry": 4070908800000,
  "isAnonymous": false,
  "isResponseAppended": true,
  "isLocationRequested": false,
  "questions": [
    {
      "title": "VehicleReg",
      "type": "Text"
    },
    {
      "title": "Odometer",
      "type": "Text"
    },
    {
      "title": "DueDate",
      "type": "Text"
    },
    {
      "title": "Garage",
      "type": "SingleSelect",
      "options": [{
          "title": "Embakasi"
        },
        {
          "title": "Donholm"
        },        
        {
          "title": "Langata"
        },
        {
          "title": "Kawangware"
        }
      ]
    },
    {
      "title": "PartsNeeded",
      "type": "Text"
    },
    {
      "title": "Comments",
      "type": "Text"
    },
    {
      "title": "Name",
      "type": "Text"
    },
    {
      "title": "Phone No",
      "type": "Text"
    },
    {
      "title": "Location",
      "type": "Location"
    },
    {
      "title": "Response Time",
      "type": "DateTime"
    }
  ]
}