{
  "title": "End Trip",
  "visibility": "All",
  "expiry": 4070908800000,
  "isAnonymous": false,
  "isResponseAppended": true,
  "isLocationRequested": false,
  "questions": [
    {
      "title": "OdometerLater",
      "type": "Text"
    },
    {
      "title": "Destination",
      "type": "Text"
    },
    {
      "title": "Name",
      "type": "Text"
    },
    {
      "title": "Phone No",
      "type": "Text"
    },
    {
      "title": "Location",
      "type": "Location"
    },
    {
      "title": "Response Time",
      "type": "DateTime"
    }
  ]
}