{
  "title": "Report Acccident",
  "visibility": "All",
  "expiry": 4070908800000,
  "isAnonymous": false,
  "isResponseAppended": true,
  "isLocationRequested": false,
  "questions": [
    {
      "title": "VehicleReg",
      "type": "Text"
    },
    {
      "title": "Damage",
      "type": "SingleSelect",
      "options": [{
          "title": "Minor"
        },
        {
          "title": "Major"
        }
      ]
    },
    {
      "title": "Comments",
      "type": "Text"
    },
    {
      "title": "Name",
      "type": "Text"
    },
    {
      "title": "Phone No",
      "type": "Text"
    },
    {
      "title": "Location",
      "type": "Location"
    },
    {
      "title": "Response Time",
      "type": "DateTime"
    }
  ]
}