{
  "title": "Start Trip",
  "visibility": "All",
  "expiry": 4070908800000,
  "isAnonymous": false,
  "isResponseAppended": true,
  "isLocationRequested": false,
  "questions": [
    {
      "title": "VehicleReg",
      "type": "Text"
    },
    {
      "title": "TripDate",
      "type": "Text"
    },
    {
      "title": "OilLevels",
      "type": "Text"
    },
    {
      "title": "RadiatorFluid",
      "type": "Text"
    },
    {
      "title": "ClutchBrakeFluid",
      "type": "Text"
    },
    {
      "title": "FanBelt",
      "type": "Text"
    },
    {
      "title": "ExhaustPipe",
      "type": "Text"
    },
    {
      "title": "FuelTank",
      "type": "Text"
    },
    {
      "title": "HeadLights",
      "type": "Text"
    },
    {
      "title": "SideLights",
      "type": "Text"
    },
    {
      "title": "IndicatorLights",
      "type": "Text"
    },
    {
      "title": "ReverseLights",
      "type": "Text"
    },
    {
      "title": "WindScreen",
      "type": "Text"
    },
    {
      "title": "SideMirror",
      "type": "Text"
    },
    {
      "title": "RearMirror",
      "type": "Text"
    },
    {
      "title": "Pressure",
      "type": "Text"
    },
    {
      "title": "Tread",
      "type": "Text"
    },
    {
      "title": "SpareWheel",
      "type": "Text"
    },
    {
      "title": "JackSpanner",
      "type": "Text"
    },
    {
      "title": "AidKit",
      "type": "Text"
    },
    {
      "title": "Triangles",
      "type": "Text"
    },
    {
      "title": "Extinguisher",
      "type": "Text"
    },
    {
      "title": "Radio",
      "type": "Text"
    },
    {
      "title": "Name",
      "type": "Text"
    },
    {
      "title": "Phone No",
      "type": "Text"
    },
    {
      "title": "Location",
      "type": "Location"
    },
    {
      "title": "Response Time",
      "type": "DateTime"
    }
  ]
}