{
	"strMiniAppTitle": "Begin Trip",
	"VehicleReg":"Vehicle Registration",
	"TripDate": "Date of trip",
	"OilLevels": "Oil levels",
	"RadiatorFluid": "Radiator Fluid & Cap",
	"ClutchBrakeFluid": "Clutch & brake fluid",
	"FanBelt": "Fan belt tightness",
	"ExhaustPipe": "Exhaust pipe condition",
	"FuelTank": "Fuel tank cap & leaks",
	"HeadLights": "Headlights",
	"SideLights": "Sidelights",
	"IndicatorLights": "Indicator & brake lights",
	"ReverseLights": "Number plate & reverse lights",
	"WindScreen": "Windscreen",
	"SideMirror": "Side mirrors",
	"RearMirror": "Rear view mirrors",
	"Pressure": "Pressure",
	"Tread": "Tread – 1/3 a coin",
	"SpareWheel": "Spare wheel",
	"JackSpanner": "Jack & spanner",
	"AidKit": "First aid kit",
	"Triangles": "Triangles",
	"Extinguisher": "Extinguisher",
	"Radio": "Radio",
	"Name": "Name",
	"Phone No": "Phone Number",
	"Location": "Location",
	"strDateFormat": "2020-01-30",
	"strVehicleReg": "KCX 234G",
	"strMiniAppYourDetails": "Your Details",
	"strNoLocationLabel": "Due to poor network connectivity, your location could not be fetched",
	"strRefreshLabel": "REFRESH",
	"strMiniAppLocationNetworkWarningLabel": "Due to poor network connectivity, your location map could not be fetched. Your location co-ordinates will be shared instead",
	"strMiniAppLoadingLabel": "Please wait while we are trying to fetch your location",
	"strNoLocationAlertLabel": "Location not found. Please ensure that you have turned on location services and provided Kaizala the location permission. Tap on refresh below to try fetching location again",
	"strProgressTextLabel": "{0} of {1}",
	"strConnectGroupName": "Need To change",
	"strMiniAppHeaderTimeLabel": "Created by you at {0}",
	"strSendResponseLabel": "START TRIP",
	"strTapToEnter": "Tap to enter",
	"strValueComment": "Good/Faulty, Comment...",
	"strSelectYourResponse": "Select your reponse"
}